URL,Zuletzt gecrawlt,Status
https://hub-evolution.com/en/forgot-password,2025-11-07,Ausstehend
https://hub-evolution.com/search?q=%7Bsearch_term_string%7D,2025-11-06,Ausstehend
https://hub-evolution.com/en/forgot-password?set_locale=en&next=https://hub-evolution.com/en/forgot-password,2025-11-03,Ausstehend
https://hub-evolution.com/DrExnt16ys96b64tEEKJg==,2025-11-01,Ausstehend
https://hub-evolution.com/blog/tag/digital leadership,2025-10-31,Ausstehend
https://hub-evolution.com/blog/tag/nachhaltigkeit,2025-10-31,Ausstehend
https://hub-evolution.com/blog/tag/sustainable productivity,2025-10-31,Ausstehend
https://hub-evolution.com/cookie-settings,2025-10-30,Ausstehend
https://hub-evolution.com/blog/tag/arbeitsplatz,2025-10-30,Ausstehend
https://hub-evolution.com/blog/tag/digitale transformation,2025-10-30,Ausstehend
https://hub-evolution.com/blog/tag/ki-ethik,2025-10-30,Ausstehend
https://hub-evolution.com/blog/tag/verantwortung,2025-10-30,Ausstehend
https://hub-evolution.com/blog/tag/work-life-balance,2025-10-30,Ausstehend
https://hub-evolution.com/QgzGb9sJD4L Ak5O CoA==,2025-10-30,Ausstehend
https://hub-evolution.com/blog/tag/innovation,2025-10-28,Ausstehend
https://hub-evolution.com/api/billing/credits,2025-10-24,Ausstehend
https://hub-evolution.com/forgot-password?set_locale=en&next=https://hub-evolution.com/forgot-password,2025-10-23,Ausstehend
https://hub-evolution.com/blog/tag/mensch-maschine-kooperation,2025-10-22,Ausstehend
https://hub-evolution.com/blog/tag/ki am arbeitsplatz,2025-10-22,Ausstehend
https://hub-evolution.com/$,2025-10-22,Ausstehend
https://hub-evolution.com/blog/tag/future work skills,2025-10-22,Ausstehend
https://hub-evolution.com/en/cookie-einstellungen,2025-10-20,Ausstehend
https://hub-evolution.com/lgwTWXQ8uMaLGHg0DrKGw==,2025-10-15,Ausstehend
https://hub-evolution.com/en/forgot-password?set_locale=de&next=https://hub-evolution.com/en/forgot-password,2025-10-11,Ausstehend
https://hub-evolution.com/forgot-password?set_locale=de&next=https://hub-evolution.com/forgot-password,2025-10-11,Ausstehend
https://hub-evolution.com/forgot-password,2025-10-09,Ausstehend
https://hub-evolution.com/f4h9pPG1VZiyEOGPXVSfA==,2025-10-04,Ausstehend
https://hub-evolution.com/en/tools/design-system,2025-09-05,Ausstehend
https://hub-evolution.com/zh9MQuebJZwtKOv/ReX0w==,2025-09-05,Ausstehend
https://hub-evolution.com/AqvOdvYJKOXNPkY7xm6cw==,2025-09-05,Ausstehend
https://hub-evolution.com/blog/kategorie/new work/,2025-09-04,Ausstehend
https://hub-evolution.com/blog/kategorie/produktivität/,2025-09-04,Ausstehend
https://hub-evolution.com/blog/tag/freelancer,2025-09-04,Ausstehend
https://hub-evolution.com/docs/getting-started,2025-09-04,Ausstehend
https://hub-evolution.com/en/tools/seo-analyzer,2025-09-03,Ausstehend
https://hub-evolution.com/en/tools/code-review,2025-09-03,Ausstehend
https://hub-evolution.com/en/tools/content-generator,2025-09-03,Ausstehend
https://hub-evolution.com/en/tools/performance-monitor,2025-09-03,Ausstehend
https://hub-evolution.com/en/tools/api-tester,2025-09-03,Ausstehend
https://hub-evolution.com/api/newsletter/subscribe,2025-09-03,Ausstehend
https://hub-evolution.com/tools/design-system,2025-09-03,Ausstehend
https://hub-evolution.com/docs/faq,2025-09-03,Ausstehend
https://hub-evolution.com/tools/content-generator,2025-09-03,Ausstehend
https://hub-evolution.com/tools/performance-monitor,2025-09-03,Ausstehend
https://hub-evolution.com/tools/code-review,2025-09-03,Ausstehend
https://hub-evolution.com/en/cookie-settings?set_locale=de&next=https://hub-evolution.com/en/cookie-settings,2025-09-03,Ausstehend
https://hub-evolution.com/V570jKfbAVvivGHbVq6ww==,2025-09-03,Ausstehend
https://hub-evolution.com/nJQiKdmR0USe02Zs7JXLw==,2025-09-03,Ausstehend
https://hub-evolution.com/blog/kategorie/führung,2025-09-03,Ausstehend
https://hub-evolution.com/blog/kategorie/führung/,2025-09-03,Ausstehend
https://hub-evolution.com/blog/kategorie/karriere,2025-09-03,Ausstehend
https://hub-evolution.com/blog/kategorie/karriere/,2025-09-03,Ausstehend
https://hub-evolution.com/blog/kategorie/kommunikation,2025-09-03,Ausstehend
https://hub-evolution.com/blog/kategorie/kommunikation/,2025-09-03,Ausstehend
https://hub-evolution.com/blog/kategorie/mentale gesundheit,2025-09-03,Ausstehend
https://hub-evolution.com/blog/kategorie/mentale gesundheit/,2025-09-03,Ausstehend
https://hub-evolution.com/blog/kategorie/new work,2025-09-03,Ausstehend
https://hub-evolution.com/blog/kategorie/persönliche entwicklung,2025-09-03,Ausstehend
https://hub-evolution.com/blog/kategorie/persönliche entwicklung/,2025-09-03,Ausstehend
https://hub-evolution.com/blog/kategorie/produktivität,2025-09-03,Ausstehend
https://hub-evolution.com/blog/kategorie/technologie,2025-09-03,Ausstehend
https://hub-evolution.com/blog/kategorie/technologie/,2025-09-03,Ausstehend
https://hub-evolution.com/blog/tag/achtsamkeit,2025-09-03,Ausstehend
https://hub-evolution.com/blog/tag/agilität,2025-09-03,Ausstehend
https://hub-evolution.com/blog/tag/digital detox,2025-09-03,Ausstehend
https://hub-evolution.com/blog/tag/empathie,2025-09-03,Ausstehend
https://hub-evolution.com/blog/tag/entwicklung,2025-09-03,Ausstehend
https://hub-evolution.com/blog/tag/führung,2025-09-03,Ausstehend
https://hub-evolution.com/blog/tag/feedback,2025-09-03,Ausstehend
https://hub-evolution.com/blog/tag/future skills,2025-09-03,Ausstehend
https://hub-evolution.com/blog/tag/gewohnheiten,2025-09-03,Ausstehend
https://hub-evolution.com/blog/tag/gig economy,2025-09-03,Ausstehend
https://hub-evolution.com/blog/tag/home-office,2025-09-03,Ausstehend
https://hub-evolution.com/blog/tag/imposter-syndrom,2025-09-03,Ausstehend
https://hub-evolution.com/blog/tag/künstliche intelligenz,2025-09-03,Ausstehend
https://hub-evolution.com/blog/tag/karriere,2025-09-03,Ausstehend
https://hub-evolution.com/blog/tag/ki,2025-09-03,Ausstehend
https://hub-evolution.com/blog/tag/kommunikation,2025-09-03,Ausstehend
https://hub-evolution.com/blog/tag/kreativität,2025-09-03,Ausstehend
https://hub-evolution.com/blog/tag/leadership,2025-09-03,Ausstehend
https://hub-evolution.com/blog/tag/lernen,2025-09-03,Ausstehend
https://hub-evolution.com/blog/tag/mentale gesundheit,2025-09-03,Ausstehend
https://hub-evolution.com/blog/tag/mentoring,2025-09-03,Ausstehend
https://hub-evolution.com/blog/tag/new work,2025-09-03,Ausstehend
https://hub-evolution.com/blog/tag/notizen,2025-09-03,Ausstehend
https://hub-evolution.com/blog/tag/pomodoro-technik,2025-09-03,Ausstehend
https://hub-evolution.com/blog/tag/produktivität,2025-09-03,Ausstehend
https://hub-evolution.com/blog/tag/second brain,2025-09-03,Ausstehend
https://hub-evolution.com/blog/tag/selbstoptimierung,2025-09-03,Ausstehend
https://hub-evolution.com/blog/tag/selbstständigkeit,2025-09-03,Ausstehend
https://hub-evolution.com/blog/tag/selbstvertrauen,2025-09-03,Ausstehend
https://hub-evolution.com/blog/tag/teamkultur,2025-09-03,Ausstehend
https://hub-evolution.com/blog/tag/technologie,2025-09-03,Ausstehend
https://hub-evolution.com/blog/tag/unternehmenskultur,2025-09-03,Ausstehend
https://hub-evolution.com/blog/tag/veränderung,2025-09-03,Ausstehend
https://hub-evolution.com/blog/tag/wachstum,2025-09-03,Ausstehend
https://hub-evolution.com/blog/tag/wissensmanagement,2025-09-03,Ausstehend
https://hub-evolution.com/blog/tag/zeitmanagement,2025-09-03,Ausstehend
https://hub-evolution.com/blog/tag/ziele,2025-09-03,Ausstehend
https://hub-evolution.com/blog/tag/zukunft der arbeit,2025-09-03,Ausstehend
https://hub-evolution.com/docs/guides,2025-09-03,Ausstehend
https://hub-evolution.com/tools/api-tester,2025-09-03,Ausstehend
https://hub-evolution.com/docs/api,2025-09-03,Ausstehend
https://hub-evolution.com/tools/seo-analyzer,2025-09-03,Ausstehend
https://hub-evolution.com/signup,2025-09-03,Ausstehend
https://hub-evolution.com/cookie-einstellungen?set_locale=en&next=https://hub-evolution.com/cookie-einstellungen,2025-09-03,Ausstehend